{"stats":{"minecraft:killed":{"minecraft:zombie":1,"minecraft:zombie_villager":1,"dungeonsweaponry:enchanter":1},"minecraft:used":{"minecraft:cherry_sapling":20,"minecraft:wooden_axe":4,"minecraft:stone_sword":14,"minecraft:netherite_axe":1,"cozy_home:spruce_chair":1,"stalwart_dungeons:chorundum_armor_chestplate":1,"minecraft:rotten_flesh":3,"minecraft:crafting_table":1,"minecraft:gray_bed":1,"mowziesmobs:wrought_helmet":1},"minecraft:mined":{"minecraft:pink_petals":2,"minecraft:cherry_log":17,"minecraft:cherry_sapling":1,"cozy_home:spruce_chair":1,"minecraft:grass":8},"minecraft:killed_by":{"minecraft:player":3},"minecraft:picked_up":{"stalwart_dungeons:chorundum_armor_chestplate":1,"minecraft:stick":13,"cozy_home:spruce_chair":1,"mowziesmobs:wrought_helmet":1,"minecraft:cherry_log":26,"minecraft:rotten_flesh":8,"minecraft:cherry_sapling":21,"minecraft:netherite_axe":1,"minecraft:emerald":2,"minecraft:enchanted_golden_apple":1,"minecraft:gray_bed":1},"minecraft:dropped":{"minecraft:netherite_axe":1,"minecraft:rotten_flesh":4,"minecraft:wooden_sword":1,"minecraft:wooden_pickaxe":1},"minecraft:crafted":{"minecraft:cherry_planks":104,"minecraft:wooden_sword":1,"minecraft:crafting_table":1,"minecraft:wooden_axe":1},"minecraft:custom":{"minecraft:time_since_rest":7321,"minecraft:sprint_one_cm":25215,"minecraft:damage_taken":1078,"minecraft:walk_one_cm":45627,"minecraft:mob_kills":4,"minecraft:drop":7,"minecraft:damage_dealt":951,"minecraft:interact_with_crafting_table":1,"minecraft:fly_one_cm":24951,"minecraft:player_kills":2,"minecraft:crouch_one_cm":556,"minecraft:play_time":14803,"minecraft:deaths":3,"minecraft:sneak_time":336,"minecraft:jump":169,"minecraft:leave_game":1,"minecraft:walk_on_water_one_cm":134,"minecraft:time_since_death":7295,"minecraft:total_world_time":14803,"minecraft:fall_one_cm":3785,"minecraft:horse_one_cm":918}},"DataVersion":3465}