{"stats":{"minecraft:used":{"minecraft:spider_spawn_egg":4,"mythic_weapons:void_sword":51,"minecraft:end_rod":9,"minecraft:villager_spawn_egg":6,"minecraft:grass_block":2,"mythicmounts:geckotoalizard_spawn_egg":2,"cozy_home:spruce_chair":5,"minecraft:axolotl_spawn_egg":1,"minecraft:dark_oak_slab":1,"minecraft:zombie_spawn_egg":1,"cozy_home:birch_chair":1,"minecraft:grass":1,"minecraft:diamond_sword":16,"minecraft:skeleton_spawn_egg":13,"opf:opf":1,"minecraft:cave_spider_spawn_egg":4,"minecraft:oak_wood":10,"minecraft:creeper_spawn_egg":6},"minecraft:dropped":{"minecraft:diamond_axe":1,"minecraft:gray_bed":1,"stalwart_dungeons:chorundum_armor_chestplate":1,"minecraft:netherite_axe":1,"minecraft:enchanted_golden_apple":1,"mowziesmobs:wrought_helmet":1,"minecraft:bone":1},"minecraft:killed":{"dungeonsweaponry:wraith":1,"minecraft:skeleton":4,"minecraft:cave_spider":1,"minecraft:zombie":4,"alexsmobs:tiger":1,"minecraft:spider":4,"dungeonsweaponry:enchanter":1,"mythicmounts:geckotoalizard":1,"minecraft:creeper":3},"minecraft:mined":{"minecraft:cherry_log":9},"minecraft:picked_up":{"minecraft:pink_petals":27,"minecraft:string":4,"minecraft:spider_eye":1,"minecraft:bone":4,"minecraft:arrow":7,"minecraft:rotten_flesh":3,"minecraft:wheat_seeds":1,"minecraft:cherry_sapling":3,"minecraft:netherite_axe":1},"minecraft:custom":{"minecraft:time_since_rest":50780,"minecraft:sprint_one_cm":77623,"minecraft:damage_taken":120,"minecraft:walk_one_cm":54775,"minecraft:mob_kills":23,"minecraft:drop":7,"minecraft:damage_dealt":5156,"minecraft:fly_one_cm":181341,"minecraft:player_kills":1,"minecraft:crouch_one_cm":664,"minecraft:play_time":50780,"minecraft:sneak_time":517,"minecraft:jump":242,"minecraft:leave_game":2,"minecraft:time_since_death":50780,"minecraft:total_world_time":50780,"minecraft:horse_one_cm":3813}},"DataVersion":3465}