{"stats":{"minecraft:used":{"minecraft:wooden_axe":4},"minecraft:crafted":{"minecraft:cherry_planks":12,"minecraft:wooden_sword":1,"minecraft:wooden_axe":1},"minecraft:mined":{"minecraft:pink_petals":1,"minecraft:grass":3,"minecraft:tall_grass":2,"minecraft:cherry_log":55},"minecraft:picked_up":{"minecraft:pink_petals":4,"minecraft:stick":13,"minecraft:cherry_sapling":33,"minecraft:cherry_log":55},"minecraft:custom":{"minecraft:time_since_rest":15364,"minecraft:crouch_one_cm":63,"minecraft:play_time":15364,"minecraft:sprint_one_cm":9862,"minecraft:damage_taken":20,"minecraft:walk_one_cm":11428,"minecraft:sneak_time":8,"minecraft:walk_under_water_one_cm":58,"minecraft:jump":87,"minecraft:time_since_death":15364,"minecraft:walk_on_water_one_cm":88,"minecraft:total_world_time":15364,"minecraft:swim_one_cm":343,"minecraft:interact_with_crafting_table":1,"minecraft:fall_one_cm":2632,"minecraft:fly_one_cm":21474}},"DataVersion":3465}