{"stats":{"minecraft:used":{"minecraft:wooden_axe":9,"minecraft:stone_pickaxe":81,"minecraft:wooden_pickaxe":3,"minecraft:wooden_sword":10,"minecraft:crafting_table":2},"minecraft:broken":{"minecraft:wooden_axe":1},"minecraft:crafted":{"minecraft:cherry_planks":36,"minecraft:wooden_sword":1,"minecraft:crafting_table":2,"minecraft:wooden_pickaxe":1,"minecraft:stone_pickaxe":1,"minecraft:wooden_axe":2},"minecraft:killed":{"minecraft:sheep":4,"minecraft:chicken":1},"minecraft:mined":{"minecraft:pink_petals":12,"minecraft:cherry_log":138,"minecraft:grass":7,"minecraft:coal_ore":32,"minecraft:tall_grass":4,"minecraft:stone":52},"minecraft:picked_up":{"minecraft:pink_petals":21,"minecraft:stick":45,"minecraft:feather":1,"minecraft:chicken":1,"minecraft:cherry_log":137,"minecraft:wheat_seeds":1,"minecraft:cherry_sapling":74,"minecraft:netherite_axe":1,"minecraft:mutton":5,"minecraft:coal":32,"minecraft:white_wool":3,"minecraft:cobblestone":52},"minecraft:custom":{"minecraft:time_since_rest":27364,"minecraft:sprint_one_cm":27010,"minecraft:damage_taken":30,"minecraft:walk_one_cm":39220,"minecraft:mob_kills":5,"minecraft:damage_dealt":360,"minecraft:interact_with_crafting_table":4,"minecraft:swim_one_cm":343,"minecraft:fly_one_cm":44512,"minecraft:crouch_one_cm":7865,"minecraft:play_time":27364,"minecraft:sneak_time":1960,"minecraft:walk_under_water_one_cm":58,"minecraft:jump":236,"minecraft:walk_on_water_one_cm":88,"minecraft:time_since_death":27364,"minecraft:total_world_time":27364,"minecraft:fall_one_cm":5117}},"DataVersion":3465}