{"stats":{"minecraft:used":{"minecraft:zombie_villager_spawn_egg":2,"minecraft:skeleton_spawn_egg":2,"minecraft:villager_spawn_egg":8},"minecraft:custom":{"minecraft:jump":90,"minecraft:time_since_rest":9537,"minecraft:crouch_one_cm":114,"minecraft:leave_game":3,"minecraft:play_time":9537,"minecraft:sprint_one_cm":15770,"minecraft:time_since_death":9537,"minecraft:walk_one_cm":9781,"minecraft:sneak_time":46,"minecraft:total_world_time":9537,"minecraft:fall_one_cm":209,"minecraft:fly_one_cm":24026}},"DataVersion":3465}