{"stats":{"minecraft:killed":{"minecraft:zombie":1,"alexsmobs:raccoon":1},"minecraft:used":{"minecraft:cherry_sapling":10,"minecraft:stone_sword":11,"minecraft:wooden_pickaxe":6,"minecraft:rotten_flesh":1,"minecraft:pink_petals":30,"minecraft:wooden_sword":4,"minecraft:dirt":7,"minecraft:crafting_table":1,"minecraft:cherry_log":12},"minecraft:mined":{"minecraft:pink_petals":51,"minecraft:cherry_log":20,"minecraft:cherry_sapling":4,"minecraft:grass":31,"minecraft:grass_block":1,"minecraft:dirt":6,"minecraft:stone":6},"minecraft:killed_by":{"minecraft:player":3,"alexsmobs:tiger":1},"minecraft:picked_up":{"minecraft:pink_petals":100,"minecraft:stick":16,"minecraft:cherry_planks":1,"minecraft:wooden_pickaxe":1,"minecraft:cherry_log":18,"minecraft:wooden_sword":1,"minecraft:dirt":7,"minecraft:rotten_flesh":7,"minecraft:wheat_seeds":5,"minecraft:cherry_sapling":11,"minecraft:cobblestone":6},"minecraft:dropped":{"minecraft:wheat_seeds":5,"alexsmobs:animal_dictionary":1,"minecraft:cherry_planks":1,"minecraft:cherry_sapling":1,"minecraft:rotten_flesh":6,"minecraft:pink_petals":68,"minecraft:stick":16},"minecraft:crafted":{"minecraft:cherry_planks":24,"minecraft:wooden_sword":1,"minecraft:crafting_table":1,"minecraft:stick":8,"minecraft:wooden_pickaxe":1,"minecraft:stone_pickaxe":1,"minecraft:stone_sword":1},"minecraft:custom":{"minecraft:time_since_rest":3745,"minecraft:sprint_one_cm":38617,"minecraft:damage_taken":1620,"minecraft:walk_one_cm":81564,"minecraft:mob_kills":2,"minecraft:drop":98,"minecraft:animals_bred":1,"minecraft:damage_dealt":1325,"minecraft:interact_with_crafting_table":3,"minecraft:fly_one_cm":54807,"minecraft:player_kills":3,"minecraft:crouch_one_cm":3141,"minecraft:play_time":26385,"minecraft:deaths":5,"minecraft:sneak_time":901,"minecraft:jump":367,"minecraft:leave_game":1,"minecraft:time_since_death":3687,"minecraft:total_world_time":26385,"minecraft:fall_one_cm":12077,"minecraft:horse_one_cm":2532}},"DataVersion":3465}