{"stats":{"minecraft:killed":{"minecraft:skeleton":1,"minecraft:spider":1,"alexsmobs:hummingbird":1,"minecraft:zombie":2,"minecraft:cow":1},"minecraft:used":{"minecraft:pink_petals":33,"minecraft:beef":3,"minecraft:cherry_log":1,"minecraft:diamond_axe":181},"minecraft:mined":{"minecraft:pink_petals":130,"minecraft:grass":52,"minecraft:tall_grass":2,"minecraft:cherry_log":17},"minecraft:killed_by":{"minecraft:creeper":1,"minecraft:spider":1,"dungeonsweaponry:enchanter":1},"minecraft:picked_up":{"minecraft:pink_petals":283,"minecraft:stick":5,"minecraft:arrow":2,"minecraft:leather":1,"minecraft:wheat_seeds":5,"minecraft:beef":3,"minecraft:diamond_axe":1,"minecraft:cherry_sapling":12,"minecraft:cherry_log":17},"minecraft:custom":{"minecraft:time_since_rest":459,"minecraft:crouch_one_cm":411,"minecraft:play_time":7047,"minecraft:sprint_one_cm":42778,"minecraft:deaths":3,"minecraft:damage_taken":880,"minecraft:walk_one_cm":22199,"minecraft:sneak_time":198,"minecraft:mob_kills":6,"minecraft:jump":203,"minecraft:damage_dealt":1249,"minecraft:leave_game":1,"minecraft:time_since_death":432,"minecraft:total_world_time":7047,"minecraft:talked_to_villager":15,"minecraft:fall_one_cm":6849,"minecraft:fly_one_cm":37565}},"DataVersion":3465}